Generation,Mean_Fitness,Mean_BaseRate,Mean_KinChange,Mean_CoopChange,Mean_DefectChange,Mean_GroupChange,SD_Fitness,SD_BaseRate,SD_KinChange,SD_CoopChange,SD_DefectChange,SD_GroupChange
0,190.08,0.0289,0.0298,-0.086,0.0176,0.014,55.6723773518,0.623959766331,0.591061722665,0.612507959132,0.595521821599,0.564021276194
1,169.89,-0.0656,0.0076,-0.0442,-0.0873,0.0354,47.033582683,0.56410162205,0.59195628217,0.637671043721,0.601191907797,0.581538339235
2,162.32,-0.1299,-0.0797,-0.0269,-0.0444,0.0487,47.1580067433,0.496597412398,0.601485585862,0.628284481744,0.55956647505,0.540939284948
3,162.4,-0.1032,-0.1004,-0.0572,-0.1464,0.0207,41.9454407534,0.545708493612,0.612248184971,0.580901161989,0.581920131977,0.556448119774
4,150.88,-0.1549,-0.1111,-0.0345,-0.226,0.0161,38.1919572685,0.536549149659,0.632692492448,0.548451228461,0.548233526884,0.598726807484
5,141.18,-0.2941,-0.0693,-0.078,-0.1865,0.0819,33.6007083259,0.461341728006,0.613195327771,0.597683862924,0.545615936351,0.610178162507
6,138.55,-0.3138,-0.0522,-0.0845,-0.1773,0.1581,33.6482911899,0.439187385976,0.593617014581,0.575703699832,0.547800794085,0.617047315852
7,142.7,-0.2749,0.0004,-0.1093,-0.1938,0.1566,35.3797964946,0.490315194543,0.586610467005,0.595950090192,0.567205042291,0.613465924074
8,131.72,-0.3446,0.0172,-0.1035,-0.2742,0.1977,28.2039288043,0.401572957257,0.620361314074,0.574463880501,0.548288573654,0.613538678487
9,133.23,-0.314,0.0795,-0.0809,-0.3642,0.2691,33.00328923,0.447233719659,0.609715302416,0.524983990232,0.573705813113,0.599384842985
10,142.97,-0.2767,0.0723,-0.0816,-0.2985,0.3248,34.2343263407,0.492954470514,0.625769694057,0.483304707198,0.577439823705,0.564831797972
11,129.92,-0.3874,0.0376,-0.0202,-0.3909,0.3559,29.163909203,0.442598282871,0.632653333193,0.46677827713,0.491135612637,0.555433335334
12,135.59,-0.3488,0.0346,0.0047,-0.376,0.3865,31.5899018675,0.486650346758,0.624755023989,0.457813182423,0.529903764848,0.532064610738
13,128.72,-0.4339,-0.0819,0.016,-0.3045,0.407,31.4216740483,0.397021145533,0.613399861428,0.451262672952,0.515001699026,0.500168971449
14,131.49,-0.3733,0.007,0.0494,-0.3437,0.2952,29.8273347787,0.437691797958,0.589609192601,0.439187477053,0.503117590629,0.579353916013
15,128.56,-0.3763,-0.0423,0.095,-0.3546,0.2823,24.89631298,0.39855904205,0.585856390253,0.507108469659,0.511142680668,0.568418604551
16,136.33,-0.3532,-0.0171,0.1356,-0.4083,0.2974,31.5128719732,0.449917503549,0.541062464046,0.482405058017,0.532967269164,0.541534154048
17,132.5,-0.3767,0.0059,0.0936,-0.367,0.23,35.1708686273,0.462834862559,0.560280456557,0.464244590706,0.552355863552,0.569870160651
18,136.53,-0.3753,-0.0725,0.0898,-0.3382,0.1439,35.6837371922,0.47710681194,0.518832101937,0.440948931283,0.580801825066,0.587977712163
19,138.43,-0.3361,-0.0647,0.0833,-0.316,0.1665,37.5377823,0.491894084128,0.56035605645,0.461794445614,0.587263143744,0.57536836027
20,134.55,-0.3917,-0.0865,0.0705,-0.2933,0.1211,31.3057103417,0.459815299876,0.535606898761,0.440511918113,0.575030529624,0.616640730085
21,138.63,-0.3467,-0.0419,0.1122,-0.2108,0.1701,34.3655801639,0.464874294837,0.522791918453,0.461080426824,0.634204509602,0.620192703924
22,138.78,-0.3491,-0.0599,0.132,-0.2109,0.1822,35.6509691313,0.449684544987,0.499118212451,0.451785347261,0.630461886239,0.650000892307
23,136.81,-0.411,-0.0508,0.0864,-0.1448,0.0825,38.8269738713,0.456023025734,0.46735998973,0.502986123069,0.644795285343,0.667644179185
24,125.98,-0.4742,-0.1243,0.1053,-0.167,0.1869,26.14,0.434039583448,0.471207502063,0.469975435528,0.575945309904,0.655632053823
25,128.13,-0.4642,-0.0887,0.0566,-0.1331,0.2167,30.7966410506,0.408759538115,0.517170484463,0.4857349483,0.592372678303,0.664832392412
26,124.87,-0.4488,-0.1051,-0.0085,-0.2275,0.1358,24.3119949819,0.39769656775,0.485098948669,0.535416426718,0.573158573172,0.660010878698
27,134.7,-0.3881,-0.1095,-0.0819,-0.18,0.1727,35.4898577061,0.447825177943,0.461803800331,0.520451140838,0.572274409702,0.644664028778
28,132.94,-0.281,-0.1002,-0.1537,-0.1998,0.1366,34.5846266425,0.475223105499,0.493827864746,0.496827243617,0.552575750463,0.681227157415
29,137.94,-0.3093,-0.0919,-0.1076,-0.1703,0.136,38.6204142909,0.470857207654,0.459176861351,0.492745613882,0.559402279223,0.673588895395
30,140.41,-0.3111,0.0199,-0.0954,-0.1391,0.0838,39.004383087,0.446812925059,0.491126246499,0.483316500856,0.608169540507,0.679857014379
31,145.72,-0.2513,-0.0763,-0.1447,-0.0248,0.112,40.9536518518,0.505010207818,0.481351545131,0.480654668135,0.593478693805,0.660293873968
32,142.0,-0.285,-0.0789,-0.0875,-0.0463,0.1367,34.2073091605,0.458542255414,0.481732072837,0.480631615689,0.548090603824,0.68361254377
33,144.88,-0.2463,-0.1709,-0.204,-0.0694,0.1046,36.8446142604,0.50693126753,0.513688806575,0.48364863279,0.587341161507,0.743457355872
34,140.84,-0.2111,-0.1829,-0.1524,-0.1523,0.0257,36.0471136154,0.507335973493,0.556516477743,0.511593823262,0.587974242633,0.723326005339
35,150.86,-0.1996,-0.2101,-0.1165,-0.0649,-0.0248,40.901349611,0.477731975066,0.530822936581,0.530308165127,0.600856879798,0.711261527147
36,137.72,-0.2492,-0.2423,-0.1391,-0.1726,0.1627,39.1438577557,0.453785588136,0.528397303173,0.502816258687,0.553365376582,0.648999006163
37,140.31,-0.2677,-0.151,-0.0766,-0.113,0.1253,39.8393511493,0.471967912045,0.528351208951,0.52003311433,0.518874744038,0.621753094082
38,138.5,-0.2736,-0.1697,-0.1018,-0.0759,0.099,34.2241143056,0.465225794642,0.511658978227,0.504987881043,0.523862758745,0.623381905416
39,139.2,-0.2597,-0.2096,-0.1466,-0.0549,0.0249,32.5901825708,0.488963096767,0.484745128908,0.47150232237,0.463373488668,0.625564537038
40,141.0,-0.2422,-0.2193,-0.0882,-0.0495,0.1932,37.6069142579,0.517315339034,0.470109040543,0.46716673683,0.420809636297,0.655569797962
41,142.39,-0.2189,-0.1962,-0.0792,-0.0866,0.1319,40.5344039058,0.503759654994,0.455955655739,0.46887670021,0.411816026886,0.636057693924
42,150.67,-0.1258,-0.2021,-0.0712,-0.1023,-0.0254,31.0580279477,0.53901053793,0.450282788923,0.47593755893,0.411914687769,0.59792210195
43,163.46,-0.0916,-0.1325,-0.0492,-0.0738,0.1109,43.8714987207,0.564233497765,0.504280427937,0.459505560358,0.473687196365,0.602526505641
44,156.67,-0.0991,-0.2055,0.0089,-0.1516,0.1139,41.7308171499,0.546386484093,0.493806389185,0.452258543313,0.492992332598,0.594299411072
45,144.44,-0.156,-0.2493,0.0064,-0.2147,0.0967,31.7283217331,0.516670107515,0.523486876626,0.465672674741,0.439339174215,0.589187669593
46,140.18,-0.1706,-0.232,-0.0275,-0.2202,0.0859,34.0759093789,0.519222148988,0.531879685643,0.46930666946,0.427618942518,0.617325027842
47,136.8,-0.2317,-0.2653,-0.0135,-0.3153,0.0814,29.9596395172,0.55953740715,0.513705080761,0.47959227475,0.418897254706,0.588549097357
48,138.59,-0.2031,-0.3564,0.0338,-0.2928,0.1066,33.6309663852,0.572918310058,0.50291653383,0.483668853659,0.466538487158,0.599848680919
49,128.22,-0.3534,-0.347,-0.1214,-0.2895,-0.053,28.9259675724,0.544544249809,0.475086307948,0.508076805217,0.513475169799,0.611850471929
50,128.75,-0.3749,-0.3277,-0.0301,-0.2948,0.0632,25.7838612314,0.523288629726,0.453574370969,0.537815014666,0.515399805976,0.629119829603
51,132.95,-0.3735,-0.2301,-0.0827,-0.3273,0.0354,35.1662835682,0.546103241155,0.499376601374,0.520224672618,0.518291144049,0.616244139932
52,123.57,-0.4459,-0.2697,0.0395,-0.3493,0.0309,27.1183535636,0.494542404653,0.489823345707,0.52431550616,0.476693308113,0.622509590288
53,130.81,-0.3708,-0.2636,0.059,-0.2887,0.0084,30.6397437979,0.500141340023,0.510183339595,0.523537009198,0.497635720181,0.639342975249
54,122.92,-0.347,-0.213,0.0617,-0.3617,-0.0477,24.4988489526,0.448065843376,0.556764761816,0.523818775914,0.436962366801,0.660793243004
55,125.17,-0.3232,-0.1285,0.1188,-0.3444,0.0081,25.9214409322,0.471285221495,0.580717444202,0.490129125843,0.407625612542,0.629507259688
56,136.03,-0.2897,-0.1387,0.085,-0.3245,-0.0821,29.015325261,0.533667415157,0.564789615698,0.495631919876,0.449438260499,0.613303016461
57,130.72,-0.3833,-0.065,0.0767,-0.2934,-0.0021,26.3803260025,0.524358760774,0.583428658878,0.557715079588,0.469255197094,0.654717183217
58,136.19,-0.4271,-0.0789,0.0779,-0.2085,0.0057,33.9204053631,0.480148508276,0.602995679918,0.584738052465,0.497671327283,0.702518690143
59,133.83,-0.374,-0.0537,0.1794,-0.2179,-0.0098,27.0529314493,0.542337533276,0.662953474989,0.596110426012,0.475817811773,0.718233917328
60,150.46,-0.229,-0.0842,0.1317,-0.1211,0.0508,40.7083332992,0.54708591647,0.664927334376,0.579946644098,0.498892563585,0.678788155465
61,151.09,-0.2505,-0.0003,0.1028,-0.0858,0.0535,34.6658607278,0.516730829349,0.64109664638,0.579102892412,0.475192971328,0.664467267817
62,143.7,-0.2813,0.0099,0.1962,-0.2144,-0.0379,33.4432354894,0.517983889711,0.599282062138,0.544741736973,0.493536867924,0.630378132552
63,144.27,-0.2635,0.0695,0.0771,-0.2645,-0.1077,34.5215454463,0.524713969702,0.549915220739,0.56310797366,0.481620960923,0.559354726448
64,135.29,-0.3762,0.0563,-0.0167,-0.2938,-0.0618,34.0714822102,0.524939577475,0.52669660147,0.521486442777,0.516030580489,0.583891051481
65,140.52,-0.4125,0.0592,-0.0542,-0.2781,0.0078,34.2144647773,0.558581014715,0.5569320964,0.504811212237,0.552598760404,0.62803117757
66,132.18,-0.4739,0.0754,-0.0998,-0.3254,0.0171,33.518466552,0.532193376509,0.548398431799,0.516761027942,0.512110183457,0.647114047135
67,138.57,-0.3945,0.0587,-0.1137,-0.3451,-0.0477,32.0665729382,0.533297993621,0.527987982818,0.490929027457,0.493263611064,0.633658985575
68,135.69,-0.4097,0.0092,-0.1623,-0.3713,0.0037,32.259787662,0.552683372285,0.541236879749,0.440687769288,0.467507550741,0.592041645495
69,135.99,-0.2962,-0.0303,-0.1276,-0.3136,-0.0037,29.3501260645,0.596009697908,0.517732469525,0.442515807627,0.471926943499,0.643803782219
70,131.83,-0.3493,-0.0068,-0.1066,-0.2881,-0.0424,31.9142773692,0.529568229787,0.527524179541,0.490862954398,0.461243308895,0.595904556116
71,133.33,-0.3272,-0.0035,-0.1418,-0.3859,-0.0041,30.0888866527,0.59173994288,0.499730677465,0.561024740987,0.400889249045,0.573717866203
72,135.66,-0.2962,-0.0168,-0.1982,-0.3327,-0.0226,43.5394579663,0.60452920525,0.495313799525,0.567861567638,0.434082607346,0.569550032921
73,143.72,-0.2652,-0.0128,-0.1509,-0.2356,-0.0391,34.2639985991,0.592063307426,0.491420553091,0.514387198519,0.507801772348,0.60231402939
74,150.6,-0.1999,0.0661,-0.0642,-0.2457,-0.0796,41.0940384971,0.601934373499,0.496269876176,0.527325667875,0.528329925331,0.562095934872
75,149.65,-0.2183,0.0897,-0.1161,-0.2956,-0.1198,36.4036742651,0.598767158418,0.555142243033,0.551076936552,0.456305424031,0.559565867437
76,154.46,-0.1906,0.101,-0.1394,-0.2838,-0.1534,43.6869362625,0.621768156148,0.54459618067,0.586632457336,0.425407522265,0.582421187801
77,157.46,-0.2397,0.1088,-0.1262,-0.2512,-0.2325,39.4003604044,0.6373561877,0.586063614295,0.580166838073,0.462805099367,0.539005333925
78,154.06,-0.2766,0.0619,-0.2119,-0.2076,-0.1286,43.4411832251,0.666239026176,0.604371897096,0.578967520678,0.488823321866,0.573517253446
79,150.57,-0.3154,0.0818,-0.2783,-0.2198,-0.0193,42.431416427,0.631995917708,0.625947889205,0.536876252036,0.51461049348,0.573189767878
80,145.07,-0.3635,0.0463,-0.1527,-0.2402,-0.1215,41.6716342372,0.551464187414,0.608886943529,0.536359683421,0.481464391207,0.551995244545
81,151.78,-0.2719,0.03,-0.1191,-0.3006,-0.233,45.1465569008,0.584678877676,0.636551647551,0.509460685431,0.448628621468,0.451429950269
82,145.8,-0.2907,-0.0485,-0.1662,-0.2872,-0.1773,42.4464368351,0.518818378626,0.59531399278,0.516619356974,0.472336913654,0.509373841103
83,130.12,-0.31,-0.0358,-0.1716,-0.3451,-0.1178,34.2231734356,0.476852178353,0.592974164699,0.51301992164,0.426332018502,0.534484012857
84,133.56,-0.3087,-0.0923,-0.178,-0.3352,-0.1475,30.2916886291,0.48734106127,0.591895016029,0.494978787424,0.44790731184,0.517699478462
85,131.81,-0.2263,-0.1658,-0.2562,-0.3381,-0.1547,28.5988443822,0.557565520813,0.596001979862,0.46907308599,0.405000481481,0.55346807496
86,132.29,-0.2909,-0.0816,-0.2455,-0.3082,-0.1394,32.7375304505,0.60173431845,0.628852478726,0.513839225828,0.443604283117,0.569343165411
87,129.15,-0.2819,-0.1633,-0.1622,-0.288,-0.0745,38.0907797242,0.614570899083,0.631360522998,0.561158765413,0.431844879557,0.581930193408
88,136.12,-0.2693,-0.1618,-0.2652,-0.2342,0.0255,35.5604499409,0.596372794483,0.628307854479,0.503671480233,0.451154474654,0.608268649529
89,125.66,-0.3497,-0.1662,-0.1839,-0.2593,0.0224,28.2231181835,0.471415856755,0.633725145469,0.565085648376,0.421115791677,0.595662857664
90,130.39,-0.3365,-0.1386,-0.1484,-0.2441,0.0341,30.7372396288,0.468944293067,0.621754002802,0.573619595202,0.435878641367,0.583631895976
91,132.27,-0.2694,-0.155,-0.1524,-0.2358,-0.0475,32.1492939269,0.512071909013,0.595807854933,0.558053975884,0.465072424467,0.5614879785
92,135.23,-0.2369,-0.2251,-0.0561,-0.2073,-0.0691,32.6566547583,0.535736306405,0.556947923957,0.594578665948,0.467520812371,0.532843494846
93,126.59,-0.2811,-0.2344,-0.0815,-0.2302,-0.0827,29.0713243592,0.505902945238,0.523135393565,0.584986110946,0.459521446725,0.504053280914
94,132.59,-0.2542,-0.1984,-0.0881,-0.2195,-0.0663,33.521364829,0.492420917509,0.490892493322,0.572438110192,0.483235708532,0.510156162366
95,136.69,-0.29,-0.1328,-0.0912,-0.1634,-0.0366,37.6387287245,0.451982300538,0.458471547645,0.512549080577,0.46582447338,0.475365585629
96,126.64,-0.3274,-0.1685,-0.0525,-0.1656,-0.0541,26.3490113667,0.428356440362,0.464976074653,0.521782282183,0.473563765506,0.473199947168
97,133.56,-0.2513,-0.1752,-0.0715,-0.1283,-0.0546,31.4707229024,0.394838334005,0.503655596613,0.532145421854,0.51671085725,0.464427432437
98,135.35,-0.1521,-0.2493,-0.1717,-0.203,-0.0169,43.4046944466,0.404465808196,0.442057134316,0.545716144163,0.459047927781,0.508206050731
99,133.2,-0.1811,-0.2636,-0.1698,-0.2074,0.0156,38.1853375001,0.455238168435,0.394686001779,0.547254931453,0.43427092926,0.515748620939
100,124.96,-0.3066,-0.2296,-0.183,-0.1597,0.139,33.0538711802,0.485535209846,0.408107632862,0.525902082141,0.404260942956,0.578818624441
101,123.58,-0.346,-0.2701,-0.2542,-0.1491,0.0385,27.9564590032,0.508837891671,0.386104895074,0.510727285349,0.433838898671,0.656785162743
102,126.85,-0.3519,-0.2006,-0.2549,-0.2062,-0.0763,35.8207691151,0.512854160556,0.420297085405,0.509047139271,0.426597655877,0.70038511549
103,122.97,-0.4075,-0.2325,-0.2198,-0.2503,-0.0638,32.2504124005,0.548844923453,0.427086349583,0.522574358345,0.430999895592,0.677750367023
104,128.22,-0.3622,-0.2032,-0.2226,-0.2174,-0.105,31.4641319601,0.539020556194,0.47432663851,0.503034034634,0.453774437358,0.663976656216
105,128.04,-0.3068,-0.1956,-0.2553,-0.2528,-0.1655,28.4020844305,0.544115575958,0.512943115755,0.529819695746,0.418421031976,0.665963024499
106,127.07,-0.3338,-0.1894,-0.1848,-0.1519,-0.1969,35.4700592049,0.530763186365,0.530748188881,0.492124943485,0.458603739627,0.657669666322
107,119.7,-0.3752,-0.244,-0.1318,-0.2009,-0.0848,25.7928284606,0.517634001974,0.487493589701,0.502884440006,0.422916291954,0.658488390179
108,126.28,-0.3746,-0.2086,-0.2382,-0.079,-0.1475,26.7223052898,0.525660384659,0.471798728273,0.46801790564,0.474976841541,0.644959494852
109,135.76,-0.3524,-0.1023,-0.2408,-0.0585,-0.1343,36.6156032314,0.51776079419,0.47965165485,0.474570711275,0.453242484769,0.661657396241
110,137.0,-0.2693,-0.0987,-0.1966,-0.1452,-0.09,36.5989070875,0.503075054043,0.487656959347,0.527287815145,0.437599085922,0.635748377898
111,137.23,-0.2338,-0.1027,-0.1013,-0.1445,-0.0887,30.5551485023,0.510579631399,0.520737659479,0.599587616617,0.434585722269,0.645695988837
112,131.96,-0.2812,-0.0677,-0.149,-0.234,-0.0681,24.083986381,0.52214227946,0.519482155613,0.592721688485,0.376459825214,0.652692416074
113,131.92,-0.3526,-0.0243,-0.2086,-0.2253,-0.0557,31.1286620336,0.496287457025,0.534429144041,0.622135065721,0.411233400881,0.629890871501
114,131.64,-0.3189,-0.1246,-0.1412,-0.3281,-0.0293,26.6527747148,0.514864826921,0.512839975041,0.630432042333,0.399113254603,0.638047419868
115,132.44,-0.3562,-0.1182,-0.0751,-0.2599,0.0688,33.320060024,0.504136449783,0.502482596714,0.627202511156,0.482799119718,0.635566330134
116,139.37,-0.2793,-0.1191,-0.0073,-0.299,0.0262,33.4465708257,0.551521994122,0.532020854854,0.611309831428,0.43881089321,0.633077846714
117,134.3,-0.3425,-0.0761,-0.0776,-0.3252,0.0055,26.2855473597,0.524077045863,0.550032535401,0.558992164525,0.43113682283,0.631399041811
118,131.51,-0.3962,-0.1639,-0.0837,-0.2421,0.0342,28.7031339752,0.512963507474,0.551510462276,0.523057654566,0.488414363016,0.596902303564
119,137.72,-0.3944,-0.0975,-0.0427,-0.2172,0.084,33.3244894935,0.544316672535,0.612043094888,0.512144227733,0.492814529007,0.598605045084
120,139.84,-0.4446,-0.1991,-0.0297,-0.1568,0.1509,45.4413292059,0.505905959641,0.576836363278,0.482877738149,0.495471250427,0.596642430606
121,139.74,-0.3781,-0.2383,0.0568,-0.1488,0.1317,37.0560710276,0.534083691944,0.593735724039,0.520472631365,0.493806196802,0.592403671494
122,149.28,-0.4036,-0.1456,0.0419,-0.0829,0.1317,35.9916879293,0.556277844247,0.644374611542,0.482944499917,0.520947780492,0.555375647648
123,152.55,-0.3836,-0.1445,0.061,-0.0462,0.2107,49.0912161186,0.564467040668,0.648171852212,0.46781727202,0.511319430493,0.525886404084
124,145.5,-0.3875,-0.0801,-0.0107,-0.0839,0.251,38.8760851939,0.552522171501,0.642142499762,0.500999510978,0.49586065583,0.505829022497
125,133.48,-0.3969,-0.2119,-0.0558,-0.1002,0.2124,34.3806573526,0.553929047803,0.608969120728,0.561533934861,0.509538968088,0.512597541937
126,131.35,-0.4524,-0.22,-0.0002,-0.0912,0.0983,32.3732528486,0.471415146129,0.581668290351,0.566681533138,0.51794841442,0.497644561911
127,131.95,-0.5017,-0.178,-0.0436,-0.1805,0.0794,31.9059163793,0.435584790827,0.638938181673,0.57014826142,0.531487299942,0.516082977824
128,137.56,-0.4333,-0.1606,0.045,-0.2717,0.0563,31.1776586677,0.476474668792,0.64526090847,0.553151877878,0.520290409291,0.537301879766
129,124.78,-0.5299,-0.2887,-0.0641,-0.2396,-0.0157,29.8451269054,0.413542005122,0.606739903089,0.601855622222,0.515811826154,0.574113673413
130,121.41,-0.441,-0.3517,-0.0167,-0.326,-0.0764,21.5949507987,0.512508536514,0.617229381997,0.593799722129,0.493238279131,0.62482560767
131,134.84,-0.3509,-0.2725,-0.033,-0.281,-0.1266,33.9174645279,0.57856735995,0.60290028197,0.585826766203,0.55454576006,0.591415623737
132,134.26,-0.3933,-0.2206,-0.0334,-0.2364,-0.0323,31.1578625711,0.528906522932,0.63825671951,0.623322099721,0.570442845516,0.604805514194
133,135.19,-0.313,-0.2941,0.0488,-0.2612,-0.1359,29.3893501119,0.577701480005,0.564716025981,0.650421832352,0.552116436995,0.600361715968
134,139.41,-0.3244,-0.193,0.1422,-0.2554,-0.0908,29.7674637818,0.568394792376,0.612146224361,0.608372550334,0.597599230254,0.632556210941
135,138.95,-0.3104,-0.2449,0.1297,-0.2064,-0.1181,33.1579176065,0.531394241595,0.597415257589,0.623428351938,0.557617288111,0.672091801765
136,138.24,-0.3285,-0.2475,0.2092,-0.2308,-0.0495,29.6924636903,0.511719405534,0.619729578123,0.586921936888,0.505479336867,0.620632540236
137,132.51,-0.3638,-0.2194,0.0604,-0.2447,-0.0201,37.0082409741,0.463430210496,0.625613011374,0.588827512944,0.504795909254,0.601985871927
138,132.08,-0.3651,-0.2111,0.1153,-0.1882,-0.0721,28.7717500337,0.477877588928,0.627016578728,0.60981547209,0.500212714752,0.581472776663
139,141.42,-0.3678,-0.0698,-0.0233,-0.1905,-0.0737,39.2826119295,0.530031282096,0.589945726317,0.641117859679,0.51981414948,0.582241625101
140,133.73,-0.4332,-0.1079,-0.1118,-0.2131,-0.1552,34.5174897697,0.463932926187,0.613092643896,0.633148292267,0.522414959587,0.540961144631
141,123.45,-0.4214,-0.1886,-0.0792,-0.2506,-0.1919,28.9293536049,0.509727417352,0.564795573637,0.622283986617,0.496416800683,0.537352202936
142,132.42,-0.3789,-0.2703,-0.095,-0.1871,-0.1294,35.0765391679,0.555715565735,0.601739902283,0.608451312761,0.543137726548,0.535590925987
143,126.31,-0.4379,-0.3954,-0.1991,-0.2134,-0.1898,32.6847655644,0.553827220349,0.551612944011,0.622509590288,0.498084771901,0.495753930897
144,121.46,-0.4337,-0.3874,-0.1241,-0.2841,-0.1986,26.9189227125,0.601667108956,0.522646381409,0.653135659722,0.482446048797,0.473987383798
145,125.88,-0.4103,-0.3701,-0.0283,-0.2706,-0.2276,26.5481750785,0.589739696815,0.570661887636,0.644161555823,0.470724590392,0.474834960802
146,128.61,-0.4045,-0.403,-0.0033,-0.2594,-0.136,31.0431618879,0.57611522285,0.546892128303,0.611982115752,0.485781473504,0.499613850889
147,122.06,-0.4446,-0.3963,-0.0283,-0.2313,-0.1421,26.4196214962,0.504867150843,0.577807329479,0.637976574805,0.475204492824,0.507608697719
148,122.47,-0.4388,-0.4725,0.0594,-0.1541,-0.0037,26.106878404,0.513270455023,0.567944319454,0.656021066735,0.49730894824,0.543506494901
149,123.83,-0.4467,-0.3811,0.1079,-0.1584,-0.0413,25.0723174039,0.516379811766,0.625921552593,0.646913123997,0.486139321594,0.574234542674
150,125.24,-0.5265,-0.3311,0.0145,-0.0338,-0.0792,30.8862817445,0.462044099627,0.621472276131,0.655598009454,0.533673645593,0.601076833691
151,130.29,-0.5715,-0.2195,-0.0175,-0.0856,-0.0572,34.3413147681,0.413727869499,0.669555636225,0.642435016169,0.557455504951,0.604240150933
152,116.24,-0.6348,-0.3013,-0.1387,-0.1363,-0.0539,25.0356226206,0.345136147049,0.604919259075,0.656205234664,0.531335402547,0.619836905968
153,129.26,-0.5428,-0.1287,-0.2178,-0.0876,-0.1024,32.7834165395,0.438191921423,0.637116402237,0.639613289418,0.533867249417,0.59967511204
154,139.49,-0.4163,-0.128,-0.2842,-0.1622,0.0118,40.6564865673,0.510124798456,0.597389320293,0.612571922308,0.509025696797,0.670867170161
155,134.36,-0.378,-0.0925,-0.3673,-0.0771,-0.0065,36.8894348019,0.486986652795,0.546086760506,0.537789652188,0.484510670677,0.647293403334
156,127.72,-0.4362,-0.0871,-0.3608,-0.1315,0.0276,28.0503404614,0.425689511264,0.51400057393,0.543173416139,0.482307733714,0.643091159945
157,137.55,-0.3818,-0.0813,-0.3753,-0.126,-0.0283,37.1274494141,0.529098062745,0.54280319638,0.538706701276,0.503307063332,0.623350711879
158,147.27,-0.3789,-0.0413,-0.3742,-0.1626,0.0783,52.7061391111,0.493025141347,0.502598557499,0.528617404178,0.494577840183,0.640487400344
159,138.88,-0.4059,-0.0485,-0.3601,-0.1544,0.103,38.8098647254,0.48586437408,0.521329790056,0.529927344077,0.495954272086,0.616729276101
160,136.45,-0.3615,-0.0779,-0.3437,-0.1996,0.1509,32.7421364605,0.543027393416,0.468015587347,0.515605769944,0.510611241553,0.625388031545
161,136.79,-0.3706,-0.0658,-0.3512,-0.1178,0.2203,37.6431388171,0.480436926141,0.435901777927,0.519677361447,0.518732262347,0.617600931023
162,141.29,-0.3574,-0.0444,-0.309,-0.0892,0.2373,34.7960615587,0.469332760416,0.429698312773,0.555689661592,0.539271137741,0.601828638401
163,136.79,-0.2973,-0.0751,-0.2777,-0.1748,0.1742,36.02424045,0.474689066653,0.445020213024,0.557827670522,0.48558929148,0.630741119636
164,139.11,-0.3605,-0.0388,-0.2765,-0.0905,0.1154,37.271408613,0.471212001121,0.494585240378,0.536286071048,0.463880103044,0.590439531197
165,135.05,-0.3829,-0.1108,-0.3073,-0.1028,0.1019,34.2319660551,0.428019380402,0.470394897932,0.578217701216,0.502462098073,0.631982112089
166,136.31,-0.3777,-0.09,-0.2892,-0.0866,0.1428,33.7637956989,0.470003946792,0.444666166916,0.600790612443,0.491148083576,0.585587021714
167,130.3,-0.4525,-0.0801,-0.3227,-0.1217,0.0842,31.920369672,0.426212095089,0.461587467334,0.572847021464,0.525847991344,0.589126777528
168,141.81,-0.3264,-0.0634,-0.32,-0.1826,0.1217,46.7821963999,0.498657236987,0.489753448176,0.581394874418,0.540143721615,0.596343952766
169,133.35,-0.2789,-0.1248,-0.1726,-0.1878,0.1014,32.1528770097,0.484030773815,0.473823764706,0.633963121956,0.525483739044,0.599938363501
170,128.66,-0.294,-0.1245,-0.1714,-0.1869,0.1194,29.7698572385,0.507501724135,0.439573372715,0.630815377111,0.484810674387,0.540323643754
171,124.8,-0.2971,-0.1461,-0.2048,-0.2612,0.1261,27.9191690421,0.449905089991,0.43093362598,0.668106997419,0.518259162968,0.522043858311
172,130.31,-0.205,-0.1351,-0.1972,-0.2216,0.1427,31.513709715,0.452878570922,0.482811547086,0.654302804518,0.516828250002,0.530684190456
173,133.41,-0.1821,-0.2762,-0.2565,-0.1687,0.1974,42.4956691911,0.433661838303,0.439631163591,0.602442320891,0.560873702361,0.510144332518
174,130.63,-0.2289,-0.2952,-0.3126,-0.0676,0.1056,31.4778191748,0.425962193158,0.428654826171,0.512807215238,0.523077661538,0.541304572307
175,124.64,-0.2467,-0.3045,-0.276,-0.0656,0.0569,28.0989394818,0.4088057118,0.409752059177,0.535425064785,0.489320590206,0.575135975227
176,125.55,-0.2559,-0.2978,-0.3086,-0.1013,0.0248,28.1316103343,0.419361645838,0.411663892028,0.537162954791,0.505823398035,0.571640586383
177,131.4,-0.2454,-0.2577,-0.2086,-0.0809,0.0377,29.7304557651,0.422228421592,0.42937362518,0.563508686712,0.482976386586,0.580075607141
178,135.87,-0.2086,-0.2011,-0.2404,-0.1762,-0.0364,33.2973437379,0.458203055424,0.436520091176,0.560287283454,0.491958900722,0.533849267116
179,134.76,-0.2527,-0.1881,-0.2238,-0.187,-0.1021,31.9503114226,0.421124340308,0.466854784703,0.552580817619,0.47393564964,0.505881992168
180,134.31,-0.2396,-0.2092,-0.0936,-0.2034,-0.0597,34.4092124292,0.468548652757,0.464372006047,0.599020066442,0.499652319118,0.49970482287
181,141.23,-0.2515,-0.1281,-0.0564,-0.2136,-0.1249,32.7346467829,0.456765530661,0.466025095891,0.608425048794,0.503927613849,0.459781458956
182,140.15,-0.237,-0.1629,-0.0641,-0.199,-0.1651,33.4563521622,0.508349289367,0.503512254071,0.583640462956,0.505461175561,0.48117251584
183,138.89,-0.2083,-0.2418,0.0483,-0.2036,-0.0597,32.3950289396,0.550886658034,0.480223656227,0.591677369856,0.513383910928,0.465943032999
184,132.87,-0.3373,-0.2542,0.0643,-0.1662,-0.0432,29.2911778527,0.465041621793,0.490436907257,0.62314565713,0.521671889218,0.523852803753
185,131.01,-0.397,-0.175,0.0031,-0.1658,-0.0532,30.9132641434,0.389647276392,0.546257265398,0.609833903616,0.550585470204,0.532563385899
186,134.66,-0.3627,-0.1203,0.0412,-0.1803,-0.0785,31.766088837,0.400064632278,0.530378082126,0.623471378653,0.52982724543,0.472739621779
187,132.59,-0.3307,-0.1407,0.1164,-0.2491,-0.109,33.5511832876,0.443024276987,0.509321617448,0.615552629756,0.546137519312,0.493743860721
188,131.0,-0.3189,-0.2394,0.2338,-0.1985,-0.1482,31.5778403315,0.42692831951,0.50340007946,0.597149529013,0.535024064879,0.482782311192
189,136.78,-0.2464,-0.256,0.2063,-0.1395,-0.1478,31.2907590192,0.502747491292,0.497427381635,0.605021743411,0.55411799285,0.471963091777
190,131.87,-0.107,-0.3604,0.1014,-0.2432,-0.0611,29.7941789617,0.525924899582,0.477654519501,0.648754221566,0.557043768478,0.481412286923
191,129.2,-0.1082,-0.3736,-0.0048,-0.3427,-0.0793,35.8856517288,0.546083107228,0.481602574744,0.659224514107,0.517112860022,0.511621451857
192,128.76,-0.1054,-0.3821,-0.014,-0.3069,-0.0843,30.8989061295,0.544566653404,0.432211279353,0.656483053856,0.542370159577,0.524288575119
193,131.11,-0.08,-0.4035,0.0048,-0.2684,-0.071,39.6012360918,0.533857658932,0.448139208282,0.639060998653,0.520818048842,0.512069331243
194,130.71,-0.03,-0.4212,-0.0288,-0.2883,-0.0731,38.6433163691,0.534316385674,0.481346611082,0.654296996784,0.488767951077,0.495525367665
195,139.32,-0.0278,-0.3854,-0.0523,-0.2479,-0.0311,30.2499190082,0.538320685094,0.550162557795,0.660461739997,0.522923120545,0.474113688898
196,152.4,-0.0285,-0.3233,-0.018,-0.1236,0.0315,51.719628769,0.47454478187,0.574069777989,0.672215739179,0.527227692748,0.491362137328
197,143.92,0.0013,-0.3712,-0.0051,-0.1324,-0.073,37.7098607794,0.499855289059,0.555374252194,0.65555243116,0.517326048059,0.490096929189
198,133.96,-0.0085,-0.4639,-0.0063,-0.1679,-0.0992,34.8335814983,0.494532860384,0.515361804949,0.645517861875,0.527075506925,0.491077753518
199,133.01,-0.0564,-0.4128,-0.0661,-0.206,-0.107,28.4887679621,0.516922663461,0.507923380049,0.642714392246,0.515761572822,0.50074244877
200,135.47,-0.1014,-0.4486,-0.0267,-0.1718,-0.0355,35.6447625886,0.54233572628,0.495637004268,0.614101058459,0.587551495615,0.525218763945
201,133.43,-0.126,-0.4047,-0.0943,-0.115,-0.089,30.2738352377,0.546697356862,0.531854218748,0.586960399005,0.577933387165,0.541827463313
202,142.08,-0.119,-0.2847,-0.1514,-0.1879,-0.0219,37.0452911987,0.534687759351,0.556225592723,0.549041018504,0.547538665301,0.539573340705
203,149.57,-0.0761,-0.351,-0.0822,-0.1551,-0.0138,46.3748326143,0.570283955587,0.594174216876,0.512038240759,0.550553348914,0.535962274792
204,140.2,-0.0647,-0.3697,-0.0479,-0.2162,-0.0587,35.5910101009,0.625975167239,0.53694963451,0.496032851735,0.574562059311,0.558798094127
205,133.57,-0.1462,-0.3095,-0.0174,-0.306,-0.0977,29.424566267,0.604549055082,0.537023975256,0.516059337673,0.565452031564,0.565745269534
206,130.01,-0.1433,-0.3267,0.0235,-0.4315,-0.1218,29.0294660647,0.61004599007,0.591761869336,0.48866629718,0.520633028149,0.572198182451
207,121.46,-0.1172,-0.4368,0.0042,-0.453,-0.0701,23.4339155926,0.600068462761,0.558302570297,0.473474772295,0.52875230496,0.630792350937
208,118.85,-0.2331,-0.4539,0.0016,-0.4517,-0.0441,29.2394852896,0.529989990472,0.566179997881,0.484771533818,0.579337647663,0.651829878112
209,129.64,-0.2324,-0.3372,0.0923,-0.4469,0.0465,32.6295939294,0.515340896883,0.631289283926,0.480828150174,0.591167818813,0.620742096204
210,134.47,-0.1135,-0.345,-0.0204,-0.5359,0.1545,33.6753485505,0.502488557084,0.605360223338,0.523992213683,0.535656783771,0.622559836482
211,135.12,-0.0748,-0.4073,-0.0115,-0.4401,0.1157,35.6034492711,0.493958459792,0.571042651647,0.501919067181,0.579773222907,0.614807701643
212,133.91,-0.0732,-0.4582,0.0111,-0.4557,0.0887,30.5178947505,0.50260696374,0.598483717406,0.462356777824,0.569798657422,0.608530451169
213,132.66,-0.0933,-0.4084,0.0254,-0.499,0.0418,28.4616303117,0.526828349655,0.618489644214,0.452491812081,0.48971522337,0.604692285382
214,130.93,-0.1499,-0.3456,0.0658,-0.4745,0.0043,30.8231260582,0.518859316193,0.604475508189,0.457358021685,0.47769524804,0.600267032245
215,137.22,-0.0353,-0.2518,0.0109,-0.5799,0.0665,27.7115788074,0.556924510145,0.631430724625,0.462478313005,0.38967036069,0.6119859067
216,128.56,-0.0889,-0.3551,-0.0018,-0.5087,0.0966,25.7314282542,0.582125235667,0.625183964926,0.465807642702,0.450882811826,0.592098336427
217,134.72,-0.2136,-0.2113,0.0394,-0.4534,0.0458,26.8704596165,0.547968101261,0.640010398353,0.491963047393,0.481826151221,0.5902375454
218,132.33,-0.3202,-0.271,0.078,-0.3957,0.1273,30.8668284733,0.522147450439,0.629516481119,0.48204149199,0.582934395966,0.579989405076
219,137.25,-0.327,-0.2604,0.0844,-0.3553,0.2099,40.0672871555,0.578270697857,0.593061413346,0.438066935525,0.559972240383,0.602968481763
220,131.91,-0.3334,-0.2532,0.067,-0.3805,0.1126,27.1135003273,0.570030209726,0.596117236792,0.459272250414,0.546809610376,0.595247209149
221,138.01,-0.3615,-0.2777,0.0696,-0.2378,0.1371,37.7916644248,0.531140988816,0.558046333202,0.45482286662,0.61939741685,0.553839859526
222,131.22,-0.442,-0.3331,0.0452,-0.1929,0.1778,30.5485122387,0.507812957692,0.522908586657,0.440702802351,0.661175158336,0.570625236035
223,133.85,-0.4368,-0.2635,0.0578,-0.2129,0.1169,34.8784675695,0.47067797909,0.533181723243,0.454872685485,0.595992105652,0.603646742723
224,139.18,-0.3222,-0.322,-0.0069,-0.1807,0.166,37.3947536427,0.532369383042,0.480930348387,0.450940561493,0.625305133515,0.582393337874
225,129.05,-0.3151,-0.3009,-0.0178,-0.2956,0.0983,28.3899189854,0.497862420755,0.496302518632,0.440187641807,0.589836112831,0.623740418764
226,139.97,-0.2588,-0.2065,-0.0475,-0.3166,0.0306,36.1567296641,0.539001447122,0.519700634981,0.40842716609,0.558845631637,0.622848007141
227,126.93,-0.3194,-0.2184,-0.0808,-0.3627,-0.0226,30.0623535339,0.513622078965,0.476096040731,0.445635905196,0.538031328084,0.634882067789
228,132.03,-0.3147,-0.2457,-0.1198,-0.3096,-0.0655,33.5575490762,0.516471596508,0.490316744564,0.442547127434,0.589604816805,0.645064919214
229,132.41,-0.3724,-0.2034,-0.1731,-0.279,-0.0904,37.5412026978,0.498012289005,0.533162676863,0.429163593517,0.577420990266,0.649097712213
230,124.77,-0.373,-0.292,-0.1738,-0.3246,-0.0281,28.9232968384,0.437537426971,0.506718856961,0.457885968337,0.60042221811,0.648042737788
231,124.47,-0.3945,-0.3269,-0.2019,-0.2789,0.1351,30.5834775655,0.47240316468,0.461284500065,0.45456505585,0.584795511269,0.580500637381
232,128.0,-0.2878,-0.2617,-0.1931,-0.3207,-0.027,30.6913668643,0.548229112689,0.54822815506,0.439000444191,0.524059643552,0.563367553201
233,127.16,-0.3668,-0.2494,-0.1412,-0.2337,0.0426,35.87470418,0.478568448605,0.561885789107,0.45779969419,0.551745693232,0.574330253426
234,128.63,-0.364,-0.2819,-0.1915,-0.2394,0.05,42.2321335005,0.468313997228,0.553567872984,0.474770207574,0.550165102492,0.552083327044
235,116.74,-0.3768,-0.3269,-0.1204,-0.2867,-0.1249,22.7220685678,0.49335561211,0.527711464723,0.482391790975,0.473421704192,0.532027245543
236,132.31,-0.2593,-0.2333,-0.2279,-0.3244,-0.0907,32.5031367717,0.573808774767,0.527496075815,0.499095772372,0.483725790092,0.501562069938
237,127.8,-0.2768,-0.2772,-0.2634,-0.2944,-0.125,30.7502845515,0.582236859019,0.438581987774,0.445542859891,0.526547851577,0.482438597129
238,125.55,-0.2441,-0.3325,-0.2354,-0.2475,-0.0559,32.0653629326,0.566914623202,0.483063919166,0.477791628223,0.525199723915,0.498469848637
239,131.83,-0.2648,-0.3384,-0.2125,-0.1385,-0.0925,40.3923396203,0.535972909763,0.533772835577,0.479458809493,0.503548160557,0.47991535712
240,122.21,-0.3661,-0.3612,-0.2001,-0.0888,-0.069,25.3883024245,0.495939300721,0.525827500232,0.462615380203,0.512510058438,0.469769092214
241,126.74,-0.2985,-0.371,-0.1898,-0.0873,-0.0483,29.4851216718,0.524864506325,0.512340706952,0.496203546944,0.489850701745,0.47834308817
242,129.86,-0.2033,-0.4208,-0.0145,-0.0626,-0.0998,30.0945244189,0.564420153786,0.50758975561,0.529003544412,0.447903159176,0.540464577933
243,130.63,-0.2191,-0.3722,-0.0449,-0.0784,-0.1033,30.174378204,0.565277091345,0.487771626891,0.552493429825,0.448356376112,0.544145302286
244,131.87,-0.2181,-0.3193,-0.0905,-0.1165,-0.0909,33.8548829565,0.561552660042,0.534391719621,0.567519823442,0.423585587574,0.571767601391
245,138.14,-0.1736,-0.3161,0.0398,-0.1697,-0.0824,36.2259630652,0.585140188331,0.554238026483,0.562604621382,0.434514568225,0.556792816046
246,135.4,-0.2063,-0.3182,0.0155,-0.1352,-0.0225,42.3147728341,0.59338125181,0.544004374982,0.568790602946,0.476423089281,0.531816462701
247,129.68,-0.1469,-0.447,-0.008,-0.1027,0.0279,33.8564262733,0.609261347863,0.515657832288,0.550050906735,0.4971556195,0.571619270144
248,128.41,-0.1604,-0.4778,-0.0472,-0.0753,-0.0238,30.709964181,0.592452394712,0.529676467289,0.562174492484,0.563402973013,0.578165685595
249,130.5,-0.2926,-0.4873,-0.0531,-0.079,-0.0914,36.6457364505,0.550450034063,0.560354985701,0.565210925231,0.555727451184,0.604904984274
250,139.26,-0.2591,-0.3441,-0.0241,-0.1296,-0.0395,39.1452730224,0.540523995767,0.630350846751,0.573287179344,0.514853221802,0.570880679302
251,133.56,-0.2706,-0.4066,0.1198,-0.1196,-0.0186,37.6564257465,0.567948624437,0.595617696178,0.545255866543,0.518078990116,0.588287378753
252,136.47,-0.2491,-0.3791,0.0775,-0.0365,0.0531,32.6504073481,0.58095971461,0.539244091298,0.546961378893,0.485739384856,0.607171631419
253,135.97,-0.2294,-0.3672,0.0889,-0.0099,0.0153,32.2718003836,0.563288238826,0.47728624535,0.503578980896,0.515828450165,0.61215105162
254,137.54,-0.2137,-0.283,0.0258,-0.0596,0.0653,40.5434137685,0.533568467959,0.518068528286,0.482440006633,0.48788096909,0.587798358283
255,126.77,-0.2605,-0.3083,-0.0874,-0.1647,0.1332,28.3995968281,0.49644813425,0.506102865038,0.495805647406,0.447657134423,0.53230795598
256,135.37,-0.2114,-0.2448,-0.1174,-0.1073,0.2694,32.1880894121,0.569431330364,0.547646747457,0.541063064716,0.431126095244,0.523820236341
257,147.37,-0.27,-0.1449,-0.1477,-0.0755,0.3373,45.0314678864,0.564901761371,0.528663399528,0.502960942818,0.494688538375,0.495598335348
258,145.19,-0.2024,-0.1427,-0.1116,-0.0648,0.3672,41.3670629849,0.509964939971,0.522038035013,0.486386101775,0.471053033108,0.431687572209
259,138.16,-0.2509,-0.2353,-0.0856,-0.0991,0.3225,35.5228715056,0.462372349952,0.49915219122,0.487840793702,0.414516815099,0.42404333505
260,125.41,-0.3749,-0.1537,-0.1866,-0.1919,0.2943,27.9478424928,0.449331714883,0.508530539889,0.529409520126,0.388992789136,0.445675341476
261,132.05,-0.331,-0.2115,-0.2126,-0.1325,0.2565,32.4032020023,0.424505594781,0.525549950052,0.506684556702,0.421609712886,0.473610335614
262,126.57,-0.3482,-0.1816,-0.1821,-0.1086,0.1983,42.1965057795,0.441534551309,0.538705336896,0.475283694229,0.3857305277,0.512189525469
263,126.19,-0.3282,-0.1513,-0.1726,-0.1849,0.1084,30.8050953577,0.451969866252,0.492393450403,0.433934603368,0.434919521291,0.522248446623
264,131.32,-0.2872,-0.1349,-0.2147,-0.1871,0.1349,28.6314093261,0.506975502367,0.501793772381,0.450711559648,0.439918844788,0.496236828541
265,127.63,-0.3737,-0.1649,-0.1168,-0.1806,0.1444,32.1040978693,0.502483143996,0.44098411536,0.475869477903,0.513840091857,0.498058872022
266,134.12,-0.3322,-0.1478,-0.1676,-0.0907,0.0321,30.4671232643,0.513559305241,0.48931090321,0.50594094517,0.519249949446,0.556059879869
267,137.1,-0.3734,-0.0775,-0.1152,-0.0784,-0.0281,30.4501231525,0.521797316973,0.507691589452,0.516196629202,0.504576495687,0.561842851694
268,131.13,-0.4006,-0.1034,0.0097,-0.1353,0.0222,32.2160379314,0.490858065025,0.476319682566,0.576748567402,0.49469678592,0.572228241177
269,149.32,-0.3091,-0.0464,-0.0416,-0.1142,0.0233,39.8539533798,0.582946129587,0.479580066308,0.529618202104,0.538786005757,0.567545689791
270,150.48,-0.3321,0.0308,0.0148,-0.0252,-0.06,38.6516442082,0.561022807023,0.503820761779,0.525437874539,0.52121872568,0.599608205414
271,153.72,-0.2468,0.0354,0.0427,-0.1048,-0.0681,42.2812204176,0.577908089578,0.531556996003,0.550957085443,0.495415946453,0.539515884845
272,153.97,-0.1966,0.0067,0.043,-0.1206,0.0022,36.0165114913,0.557162848726,0.532214345917,0.578638920226,0.469371537271,0.548094116006
273,160.89,-0.2674,0.0638,0.0486,-0.1371,0.0734,42.5431298802,0.561727015551,0.488828763474,0.51428984046,0.472430513409,0.569491387117
274,151.13,-0.3369,0.1355,0.0107,-0.2088,0.0414,38.5693284878,0.509781708185,0.454289280085,0.517484792047,0.415406499708,0.526473209195
275,135.92,-0.3424,0.014,0.0227,-0.2844,0.0745,32.6642556933,0.534346554214,0.41399275356,0.487507651222,0.446469080676,0.567287184766
276,133.5,-0.3266,-0.0518,0.0198,-0.3377,0.0878,31.4911098566,0.570994255663,0.396245832786,0.511843687076,0.459436295911,0.545046016406
277,136.4,-0.289,-0.0755,-0.018,-0.306,0.1757,31.5417184059,0.564160438173,0.393818168702,0.511871077519,0.453768663528,0.565013725497
278,131.81,-0.3245,-0.1227,-0.0598,-0.223,0.1256,30.2782743894,0.537584179455,0.432307425335,0.539089936838,0.448143950087,0.582308028452
279,131.11,-0.3765,-0.2342,-0.0126,-0.1219,0.0755,34.2645283055,0.515011407641,0.406389419154,0.529412164575,0.492809689434,0.621205883745
280,122.35,-0.3576,-0.2689,-0.115,-0.2463,0.1005,30.9119313534,0.496576519783,0.393763621987,0.577097045565,0.46214208854,0.627734617494
281,121.84,-0.3675,-0.242,-0.1442,-0.3062,0.0541,23.392614219,0.532553049001,0.371970428932,0.568563417747,0.428804804078,0.611311859856
282,130.07,-0.3105,-0.1652,-0.0547,-0.3134,0.0051,29.6608344454,0.551489573791,0.432264918771,0.592348638894,0.482004605787,0.631267764106
283,135.35,-0.3494,-0.1225,-0.0586,-0.3035,-0.0133,31.5316904082,0.58204436257,0.453043872048,0.569387425221,0.447900379549,0.608629698585
284,132.35,-0.4254,-0.0935,-0.0581,-0.274,0.0027,30.9807601585,0.556807722648,0.468737399831,0.600737371902,0.506734644563,0.593918942281
285,129.16,-0.3826,-0.0963,0.013,-0.3116,-0.0413,28.3995492922,0.5429615456,0.457190671383,0.615476238372,0.505819572575,0.597171089387
286,129.35,-0.4066,-0.1448,-0.0092,-0.2722,-0.0543,26.2176944066,0.5314794822,0.471933215614,0.577196119183,0.508075939206,0.577309717569
287,124.91,-0.4677,-0.1907,0.0765,-0.293,-0.0498,30.7340511485,0.467336827139,0.469877122235,0.539598693475,0.46166329722,0.566603882796
288,126.33,-0.4666,-0.2058,0.0555,-0.1801,-0.1155,27.8205158112,0.493897195781,0.467615611373,0.587292729395,0.532744770035,0.591018400729
289,130.28,-0.4418,-0.1067,0.1243,-0.2324,-0.0856,22.8092437402,0.530455238451,0.510425420605,0.55308815753,0.51664324248,0.55697633702
290,130.83,-0.4768,-0.091,0.0888,-0.2275,-0.0988,33.00334983,0.517930265576,0.503872007557,0.582416139886,0.542509677333,0.556365491381
291,132.22,-0.4937,-0.1477,0.1126,-0.211,-0.0505,28.6850413979,0.499106511679,0.541194706183,0.503216891608,0.515366859625,0.511924554988
292,127.98,-0.5298,-0.1729,0.1433,-0.1849,0.0139,31.9393112011,0.435125223355,0.493011754424,0.475352616486,0.487190917403,0.542951001473
293,127.22,-0.4839,-0.2351,0.0903,-0.2066,-0.0596,44.2751804062,0.470123164713,0.500440795699,0.477316362594,0.490960731627,0.571510139893
294,118.96,-0.4688,-0.2963,0.1422,-0.2787,-0.0835,19.8624872561,0.496983460489,0.467323560288,0.485733630707,0.494478826645,0.58490576164
295,125.52,-0.4237,-0.2549,0.122,-0.2198,-0.1568,28.5991188675,0.496227075037,0.50900195481,0.516792027802,0.429066381811,0.56272174296
296,127.27,-0.4299,-0.2491,0.0858,-0.2019,-0.2342,28.0548944037,0.487396132525,0.491605726167,0.515469067937,0.456435526663,0.546196265092
297,131.85,-0.5028,-0.2613,0.1806,-0.0895,-0.2557,35.0743139634,0.458639466248,0.479782565336,0.51202503845,0.46486422749,0.584599444064
298,124.53,-0.4316,-0.2712,0.0018,-0.2299,-0.276,26.8579429592,0.524155930998,0.494520535468,0.546040987473,0.456748278596,0.562590437174
299,120.43,-0.4643,-0.206,0.0007,-0.3293,-0.2055,24.8113905294,0.47765312728,0.512794305741,0.544325738873,0.469291497899,0.55082007044
300,122.49,-0.4485,-0.1576,0.0369,-0.2623,-0.1605,25.5747903217,0.522929010478,0.525048797732,0.562703643137,0.481978951823,0.56728013362
301,122.94,-0.4891,-0.0983,0.0708,-0.2963,-0.0612,31.901667668,0.457711907208,0.546682823948,0.5811242208,0.435744546724,0.563871049088
302,126.67,-0.4352,-0.0163,-0.0815,-0.2987,-0.039,35.0981637696,0.452502994465,0.559749327825,0.600846694257,0.449011480922,0.586546673335
303,128.02,-0.4044,-0.0858,-0.0813,-0.2386,0.0567,31.0695928522,0.459045357236,0.523960265669,0.582423651649,0.464023749392,0.576642098706
304,125.79,-0.39,-0.0931,-0.1211,-0.2602,0.042,24.1678691655,0.487095473188,0.543399843577,0.555116014901,0.476310780898,0.565220311029
305,137.96,-0.2956,-0.1024,-0.1646,-0.2348,0.0123,36.2435980554,0.560379014596,0.570075644103,0.5517724531,0.479830136611,0.545270309113
306,143.98,-0.2757,-0.0732,-0.1777,-0.1815,0.1572,35.9897151975,0.576723946096,0.545543545466,0.534334829484,0.531464721313,0.546155801947
307,145.98,-0.2068,-0.0839,-0.1972,-0.1955,0.0686,40.4759138254,0.595749746118,0.544010836289,0.512322320419,0.50604224132,0.568239421371
308,143.85,-0.224,-0.1124,-0.2522,-0.2212,-0.0303,38.9500641848,0.594646113247,0.562620867014,0.571812171959,0.508061571072,0.630246705664
309,130.06,-0.2801,-0.1839,-0.2091,-0.3324,-0.1079,29.9345352394,0.565442295906,0.587290209351,0.609307959902,0.435702008258,0.654627061769
310,129.15,-0.3671,-0.2475,-0.1755,-0.2981,-0.1299,28.6113176907,0.547892863615,0.579826482665,0.603947638459,0.466659822569,0.650714215305
311,125.28,-0.3507,-0.2906,-0.1989,-0.2965,-0.157,29.1894090382,0.548626020163,0.554046604538,0.625811305427,0.46807130867,0.641360273169
312,127.2,-0.2981,-0.3699,-0.1233,-0.192,-0.1972,30.5181912963,0.552021186188,0.508744523312,0.574783533167,0.523320169686,0.617608419632
313,134.16,-0.2892,-0.2813,-0.1908,-0.178,-0.2475,37.260628014,0.543363009415,0.555131795162,0.586207608275,0.545864452039,0.604599660933
314,128.03,-0.2445,-0.3147,-0.1754,-0.1653,-0.2114,27.1364901931,0.551253798173,0.527676899248,0.599111709116,0.53938011643,0.60942271044
315,120.84,-0.3037,-0.2454,-0.0396,-0.2424,-0.2516,29.2748082829,0.515766720524,0.510512330899,0.634857338305,0.464670033465,0.581119127202
316,127.87,-0.292,-0.2087,-0.1325,-0.2115,-0.1721,28.0612383903,0.481819468266,0.525744529215,0.599795590181,0.480818832826,0.567119555297
317,125.08,-0.3351,-0.2567,-0.2158,-0.2081,-0.1252,27.6577945614,0.456623466326,0.517913226323,0.58794248018,0.47443164945,0.522984665167
318,128.08,-0.3346,-0.2361,-0.1258,-0.2065,-0.0216,36.0018555077,0.444158575286,0.532106934742,0.615012487678,0.490622818466,0.474575009877
319,116.83,-0.4439,-0.2798,-0.0913,-0.2651,-0.0206,24.291173294,0.441130128193,0.50248976109,0.495046775568,0.447936368249,0.471047386151
320,129.25,-0.4514,-0.2617,-0.0896,-0.2451,-0.0301,32.0313518291,0.449848907968,0.534542898185,0.479240899757,0.486305449281,0.444505331802
321,120.54,-0.4636,-0.4156,-0.0751,-0.1746,-0.0229,32.0896930493,0.421951466403,0.494975393328,0.513679851659,0.571118936825,0.453087839166
322,128.12,-0.3184,-0.393,-0.0952,-0.1544,-0.0343,28.2928542215,0.495329627622,0.477729002678,0.557310470025,0.601566820894,0.466875261713
323,133.4,-0.3508,-0.3594,-0.1265,-0.0711,0.0625,39.1134248053,0.485503202873,0.475757963675,0.560600347841,0.633141208578,0.51320439398
324,139.44,-0.3093,-0.2659,-0.1592,-0.0518,0.038,41.6894039295,0.524624160709,0.505442568449,0.59379572245,0.624111175994,0.497622346765
325,132.66,-0.291,-0.2334,-0.1854,-0.1607,0.0336,38.108849366,0.478446444234,0.495165063388,0.544182726664,0.600926376522,0.472752620299
326,138.87,-0.2426,-0.2685,-0.1203,-0.1318,0.0387,45.249675137,0.510894548806,0.496488418797,0.560521997784,0.637064172592,0.44804163869
327,129.92,-0.2486,-0.3367,-0.1546,-0.1296,0.0144,31.3173051203,0.456745049234,0.501936360508,0.582395776084,0.576846461374,0.502229668578
328,133.4,-0.3202,-0.3562,-0.1414,-0.1148,-0.0466,35.6320080826,0.419418597585,0.509966234176,0.584770074474,0.572042795602,0.470653205662
329,128.61,-0.3672,-0.3678,0.0336,-0.1674,-0.048,36.8550932708,0.401006433864,0.4900379169,0.589010220624,0.581363259933,0.431953701223
330,134.61,-0.2922,-0.299,0.0079,-0.2969,-0.1103,36.1883669154,0.433286464132,0.525582533956,0.614667869666,0.552010316933,0.471235514366
331,127.88,-0.3451,-0.2572,-0.0322,-0.2839,-0.1475,35.1864405702,0.439321055721,0.544194965063,0.639369345527,0.520985402867,0.483395024799
332,132.24,-0.1742,-0.3215,0.0992,-0.3455,-0.1939,26.4874007785,0.512285428253,0.486708074722,0.592330448314,0.521088044384,0.488294777773
333,139.06,-0.1203,-0.2852,0.1914,-0.2586,-0.252,28.0538125751,0.499936906019,0.455092254384,0.594985747728,0.567320050765,0.461011930431
334,150.89,-0.1367,-0.2091,0.1582,-0.2088,-0.2824,37.7062050596,0.520837892247,0.522055734572,0.576606243463,0.58022113026,0.508216725423
335,158.98,-0.0705,-0.1714,0.1817,-0.1836,-0.2298,30.9573836104,0.532656315085,0.521643594804,0.643198344214,0.556554615469,0.57732829482
336,161.33,-0.0945,-0.1127,0.1698,-0.2027,-0.2167,40.0017637111,0.514090215818,0.516236099086,0.636375643783,0.552233383634,0.643257421255
337,155.52,-0.0523,-0.2059,0.2081,-0.1987,-0.1766,36.2523047543,0.495798053647,0.476682483421,0.610857913103,0.574991573851,0.653399142944
338,150.33,-0.0693,-0.194,0.1267,-0.2048,-0.1335,33.8865917436,0.462787759129,0.493617260638,0.661672207366,0.55669647026,0.636900894959
339,163.12,-0.0348,-0.27,0.224,-0.1245,-0.1749,43.9723276618,0.450081059366,0.548171506009,0.674391577646,0.589069393196,0.663535221371
340,159.52,-0.0798,-0.1877,0.2758,-0.1083,-0.16,36.3035755815,0.435566252136,0.582478935241,0.651969600518,0.58127971752,0.666117106821
341,167.09,-0.1313,-0.0839,0.3298,-0.1816,-0.0136,35.5730501925,0.490831243912,0.602937633591,0.623687389643,0.519689753603,0.687394384615
342,163.53,-0.1554,-0.0742,0.3759,-0.2186,-0.0709,36.7321262657,0.489048913709,0.602984543749,0.58312793622,0.524633243323,0.670015066995
343,149.93,-0.1728,-0.1165,0.2962,-0.1646,-0.1401,32.7951993438,0.480805740398,0.575177146625,0.65465988116,0.577857110366,0.629665776424
344,149.24,-0.1931,-0.1083,0.2279,-0.2051,0.0038,33.3410017846,0.502871146518,0.547808461052,0.631761497719,0.550972767022,0.680329008642
345,152.43,-0.1657,-0.0531,0.1738,-0.2299,-0.0316,32.894757941,0.541151097199,0.541486278681,0.603406629065,0.505095030663,0.616635581198
346,145.69,-0.2316,-0.1237,0.1523,-0.221,-0.0324,34.1659757654,0.56858019663,0.574793275883,0.593130432536,0.514856290629,0.614286773421
347,140.24,-0.1774,-0.0531,-0.0024,-0.3597,0.0538,29.1458813557,0.562591539218,0.534474873123,0.632019176924,0.47957784561,0.650281139201
348,150.9,-0.1454,-0.0976,0.1045,-0.3227,0.0257,43.0273169045,0.56391385867,0.570056348092,0.57526928477,0.506222984464,0.665213131259
349,149.7,-0.1578,-0.2229,0.1162,-0.2802,-0.0019,46.4054953642,0.553488175122,0.569933847038,0.585921120971,0.53509060915,0.637039551362
350,144.24,-0.1549,-0.2505,0.2175,-0.2808,0.0083,37.9750233706,0.582613928773,0.556223651061,0.564259470457,0.530444492855,0.669743316503
351,142.34,-0.2463,-0.2749,0.3028,-0.2043,0.1316,36.2387141052,0.582960813434,0.541049896035,0.53343618175,0.48530661442,0.662742363215
352,132.16,-0.2834,-0.2007,0.1916,-0.2559,0.0331,28.4315739979,0.538830622738,0.510231819862,0.588964718808,0.462618838786,0.692081924341
353,136.45,-0.3302,-0.1928,0.1756,-0.2668,-0.0393,30.6960502345,0.538728094682,0.51554258796,0.57751765341,0.43242081356,0.65515685908
354,130.62,-0.4021,-0.2047,0.1758,-0.2853,-0.0092,31.1113419833,0.538336874085,0.562685444987,0.571025708703,0.431957069626,0.613649215758
355,132.51,-0.4294,-0.2282,0.1879,-0.3027,-0.0554,32.1028020584,0.500497392601,0.543520707977,0.543702666905,0.423973713808,0.559330707185
356,136.35,-0.3208,-0.2153,0.1372,-0.3061,-0.0582,28.6298358361,0.522546993102,0.533457505337,0.631587016966,0.431494831951,0.538043455494
357,143.76,-0.3102,-0.1994,0.0928,-0.2654,-0.0052,36.5765279927,0.52662316698,0.513002573093,0.634540904907,0.476607637371,0.550475212884
358,127.73,-0.3283,-0.3301,0.1477,-0.3834,-0.0153,23.6414276219,0.56593648937,0.495462400188,0.639269669232,0.459693854647,0.569286316365
359,133.69,-0.2699,-0.3254,0.1279,-0.4645,-0.0466,31.8247372338,0.591757543256,0.551574872524,0.612642301837,0.452626501655,0.521314147132
360,127.27,-0.3104,-0.3465,0.0668,-0.4082,-0.0954,28.3432020068,0.580051583913,0.535830896832,0.610550374662,0.421037718025,0.512890670611
361,135.23,-0.2714,-0.2775,0.0833,-0.3814,-0.1454,32.6327611458,0.552450938998,0.579179376359,0.615254508313,0.409411822008,0.507638493418
362,128.61,-0.323,-0.3183,0.1683,-0.3554,-0.1531,24.9535147825,0.511283678597,0.524534183824,0.558884701884,0.445401885941,0.46226766056
363,125.18,-0.3477,-0.3087,0.1688,-0.3455,-0.1357,33.0779019891,0.473716909135,0.533287267802,0.572163053683,0.526350406098,0.478602664013
364,122.71,-0.4074,-0.2823,0.1476,-0.3211,0.0753,26.2968800431,0.484211978373,0.539695942175,0.575632035245,0.558982817267,0.487281140616
365,133.93,-0.2801,-0.3242,0.1432,-0.289,0.0248,30.8043032708,0.556369472563,0.515492347179,0.569898025966,0.56583478154,0.489445563878
366,137.2,-0.1541,-0.3301,0.2544,-0.3346,-0.0158,41.8160256361,0.58368500923,0.502206123021,0.532229875148,0.570605678205,0.514752717331
367,131.91,-0.1787,-0.3627,0.212,-0.3929,-0.0881,29.0895496699,0.609805960942,0.50226458167,0.574052262429,0.524334425725,0.45045686808
368,134.02,-0.2031,-0.387,0.2488,-0.3688,-0.1322,27.9571028542,0.592647779039,0.513722687838,0.53701262555,0.545890611753,0.462630695047
369,132.2,-0.2408,-0.3315,0.3203,-0.3741,-0.0936,23.970815589,0.60152752223,0.517873295315,0.512205925385,0.552364182401,0.480796256225
370,144.56,-0.3234,-0.1699,0.3355,-0.2247,-0.098,40.440405537,0.548640538057,0.583956325422,0.520191070665,0.552686990981,0.482118242758
371,135.82,-0.3258,-0.1918,0.3206,-0.1825,-0.1028,27.7371159279,0.544329275347,0.524338402179,0.514547995818,0.544412297804,0.477118601608
372,140.21,-0.2418,-0.2312,0.3235,-0.0827,-0.0518,31.0725908157,0.524365101814,0.524559396065,0.548163068803,0.531134361532,0.506052131702
373,142.8,-0.292,-0.2497,0.348,-0.0606,-0.0994,33.0054540947,0.535626735703,0.527053042871,0.543356236736,0.535056669896,0.544560042603
374,155.27,-0.2754,-0.1539,0.1948,0.0447,-0.0523,37.8279936026,0.543693700534,0.493000801216,0.600946719768,0.527989498002,0.554741119803
375,143.06,-0.2951,-0.2007,0.1168,-0.059,-0.0853,34.4673236559,0.55881033455,0.487467445067,0.61315557569,0.544906413983,0.573376760952
376,137.65,-0.2527,-0.2504,0.1514,-0.2011,-0.0351,32.3834448445,0.583221836011,0.51109279001,0.598419618662,0.517227019789,0.581663983757
377,148.65,-0.2133,-0.2163,0.0474,-0.1884,0.0232,35.46840143,0.591405199504,0.579362848308,0.61848948253,0.513906061455,0.57346295434
378,147.11,-0.2154,-0.3163,-0.0261,-0.1471,0.0281,44.1241192547,0.629015770867,0.541281174622,0.608101792466,0.53830900977,0.566223798511
379,146.0,-0.1906,-0.3891,-0.045,-0.1347,0.0509,37.3435402714,0.654762277472,0.50267901289,0.590004237273,0.558763733612,0.550183778387
380,142.41,-0.1504,-0.4527,0.0191,-0.2398,0.1151,40.1455090888,0.644598976108,0.460649226636,0.586699403443,0.58372764197,0.544368432222
381,138.26,-0.1812,-0.4613,-0.1283,-0.1524,0.0589,41.5159294729,0.587313000026,0.410788643952,0.565955925846,0.622376284895,0.558572994335
382,129.98,-0.2672,-0.4393,-0.1554,-0.2284,-0.0211,32.5146059487,0.534645826693,0.412269947971,0.528010265052,0.653779351158,0.597989790883
383,125.03,-0.4132,-0.4139,0.008,-0.1888,-0.1114,31.8519873791,0.460032346689,0.390599270353,0.557253981592,0.668456849767,0.553031680829
384,124.12,-0.3724,-0.4312,-0.0485,-0.2587,-0.0062,26.0204842384,0.485205358585,0.334186415044,0.558323159111,0.649334513175,0.593298879149
385,119.15,-0.3195,-0.4394,-0.0259,-0.3972,-0.0209,27.8770066542,0.479256455356,0.332261403115,0.522302776175,0.603508210383,0.589357438233
386,124.21,-0.2638,-0.4006,-0.0668,-0.4046,0.055,25.7694761297,0.493393919703,0.362615002447,0.570846529288,0.583430235761,0.558912336597
387,118.85,-0.318,-0.3686,-0.0569,-0.4776,0.1688,28.0522280755,0.493700313956,0.395132939654,0.598970274722,0.545692440849,0.571076667357
388,120.22,-0.3123,-0.3445,-0.0997,-0.4606,0.1542,28.6948009228,0.497079178804,0.382458821313,0.578109773313,0.532857992339,0.574230232572
389,130.73,-0.248,-0.3042,-0.0608,-0.4654,0.1445,37.9694232245,0.521219723341,0.477240358729,0.589979118275,0.574077381544,0.575714121765
390,126.71,-0.2615,-0.2809,-0.0983,-0.495,0.106,25.7644309077,0.569056016575,0.460115409436,0.55645494876,0.567694460075,0.601263669283
391,131.21,-0.2555,-0.3066,-0.0749,-0.3962,0.0341,32.6623008987,0.57219293075,0.406955083517,0.556160938938,0.648932631326,0.60791297897
392,132.03,-0.1969,-0.2577,-0.0677,-0.3364,0.0996,30.4763695344,0.558173261631,0.450361754593,0.569713708805,0.632829392491,0.547148828017
393,131.65,-0.284,-0.2872,-0.0615,-0.3621,0.1422,32.6105427738,0.502461938857,0.447622787624,0.481240844069,0.625017271761,0.547197551164
394,127.09,-0.2743,-0.2553,-0.0525,-0.409,0.0517,29.2957659057,0.52064240127,0.485001969068,0.532432859617,0.535976678597,0.579725892125
395,132.56,-0.3071,-0.1627,-0.0454,-0.363,0.0165,32.1935769991,0.543467193122,0.491623545002,0.59820300902,0.517357709907,0.548915977177
396,122.71,-0.3485,-0.3014,-0.037,-0.3097,0.1095,33.6660942196,0.471373259742,0.514247061246,0.576413913781,0.571266058855,0.538992346884
397,121.27,-0.3441,-0.3219,-0.0206,-0.2681,0.0523,27.3583095238,0.442477332753,0.553558840594,0.526947473663,0.616961416946,0.56646774842
398,118.76,-0.3514,-0.3371,-0.0293,-0.349,0.0933,23.2456963759,0.421796206716,0.516606804059,0.518401880784,0.587502340421,0.523205609679
399,126.72,-0.3455,-0.2463,0.019,-0.3301,0.0748,31.002606342,0.44479292935,0.570367697192,0.526903216919,0.590122860089,0.537081893197
400,125.43,-0.2842,-0.16,-0.1025,-0.4069,0.0629,30.375402878,0.48588924664,0.585369968481,0.527088939364,0.467148145667,0.571507296541
401,127.84,-0.3123,-0.1575,-0.0261,-0.4241,-0.0229,32.1147069113,0.508212268644,0.59346840691,0.541252057733,0.454233629314,0.590330915674
402,126.27,-0.2912,-0.1858,-0.0338,-0.4072,0.0511,26.42985244,0.477410263819,0.5806,0.517162991715,0.431193877508,0.526132863448
403,119.68,-0.2818,-0.258,0.0404,-0.391,0.0359,20.0743019804,0.515936779073,0.536866836376,0.533237132991,0.430296409467,0.532881027998
404,127.24,-0.1527,-0.2554,0.0719,-0.3785,0.0519,29.2010684736,0.538835512935,0.533018611307,0.572881654445,0.482645573895,0.503844608982
405,133.23,-0.1884,-0.257,0.0825,-0.371,0.0253,30.2621397128,0.523627195627,0.526800721336,0.590938871627,0.545359514449,0.548002655103
406,124.92,-0.2546,-0.29,0.0983,-0.3543,-0.006,25.8606573776,0.572213980955,0.533415410351,0.589766148571,0.484617901031,0.536810953689
407,123.61,-0.3094,-0.2552,0.1564,-0.4201,0.023,27.8918966727,0.55267317648,0.56166623541,0.587767845327,0.47657841957,0.558706541934
408,120.94,-0.3388,-0.2582,0.0676,-0.3178,0.1424,27.3067097981,0.538711945292,0.579150032375,0.634373896058,0.538708789607,0.551128152066
409,122.24,-0.328,-0.3183,0.108,-0.1993,0.0679,26.5070254838,0.547819313278,0.541104527795,0.650744189371,0.554265739515,0.54588147981
410,130.9,-0.2319,-0.2977,0.0411,-0.199,0.0195,27.3219691823,0.641243627649,0.55590440725,0.662792418484,0.554509693333,0.510941043566
411,132.77,-0.2346,-0.345,0.0446,-0.2297,0.0056,33.4412484815,0.594788063095,0.577317070595,0.632381878298,0.530353570743,0.54723910679
412,132.88,-0.2504,-0.3166,0.0035,-0.1882,0.0128,41.1006763935,0.571725318663,0.624402466363,0.648666902192,0.567514546069,0.526292846237
413,135.44,-0.2082,-0.2569,0.0225,-0.271,-0.0266,30.7669693015,0.527718447659,0.633129836605,0.662192381412,0.560809236728,0.550587359099
414,136.59,-0.1838,-0.2862,-0.0237,-0.134,-0.0375,29.8114390797,0.54808900737,0.606405441928,0.702567655105,0.558152308962,0.54017288899
415,142.44,-0.1068,-0.3208,0.0605,-0.0784,0.0139,35.2818140123,0.540651236936,0.560900490283,0.731293887572,0.578844918782,0.57329555205
416,152.26,-0.0253,-0.269,-0.0215,-0.075,0.0634,36.7544881613,0.539993435145,0.629082665474,0.729863514638,0.551999094202,0.577818691286
417,140.01,0.0091,-0.4096,-0.0483,-0.1348,-0.0251,36.9760719926,0.549705548453,0.533926811464,0.718281358522,0.548562630882,0.547387422216
418,147.67,-0.0078,-0.4221,-0.0463,-0.0765,-0.1128,37.5369298158,0.610636684126,0.506531923969,0.723067984356,0.567701285889,0.552697168439
419,142.98,-0.0692,-0.4072,-0.0278,-0.0462,-0.0602,34.0511321398,0.596745640956,0.496062657333,0.730162420287,0.553607767287,0.575973923021
420,141.85,-0.1063,-0.4162,-0.0977,-0.104,-0.0874,36.9202857519,0.604264271656,0.518399035493,0.667728769786,0.548428664459,0.59465220087
421,142.18,-0.0518,-0.4785,-0.0276,-0.0117,-0.0421,36.6257778074,0.615232281338,0.504823484002,0.697878384821,0.548623832876,0.584116931787
422,135.68,-0.1091,-0.488,0.0166,-0.0414,0.0123,31.182969711,0.553550530665,0.483499741468,0.700374499821,0.530912459827,0.549475850243
423,140.74,-0.0444,-0.4734,0.0713,-0.0951,-0.0801,33.8545772385,0.5566386979,0.452299060357,0.709385163363,0.533311344338,0.555036025858
424,149.52,0.0026,-0.4263,0.1783,-0.1209,-0.1513,32.8592391878,0.533189684821,0.478895928151,0.697749317449,0.558351314138,0.550244772806
425,146.18,-0.0065,-0.362,0.1517,-0.1764,-0.178,37.8461041588,0.455924061659,0.500937121803,0.710122602091,0.547802008028,0.546058604913
426,149.39,0.0342,-0.3117,0.1435,-0.1647,-0.1558,35.8647166446,0.443959863051,0.484035236321,0.708117751507,0.553843759557,0.526743163221
427,146.25,-0.0101,-0.3239,0.0855,-0.1785,-0.187,34.5153226843,0.446110961533,0.494816925741,0.670461594724,0.543485740383,0.474346919459
428,136.08,-0.0004,-0.3697,0.0202,-0.245,-0.1273,31.4412722389,0.435875945654,0.463494239446,0.670428191531,0.47217263792,0.483435321424
429,135.7,0.0247,-0.3902,-0.0107,-0.2685,-0.1438,25.2426226847,0.456213667046,0.449361725117,0.620883652547,0.486395672267,0.501002554884
430,141.95,0.0341,-0.3444,-0.0293,-0.2217,-0.1412,38.0915673083,0.484844500845,0.4507090414,0.592061238387,0.526535953188,0.533327816638
431,141.86,-0.0606,-0.2585,-0.0861,-0.2715,-0.1512,48.8106586721,0.508422698156,0.465139495205,0.587986215825,0.509930142274,0.540428126581
432,139.37,-0.1111,-0.2693,-0.0266,-0.2805,-0.1422,32.8315869248,0.542879167034,0.431458584339,0.589893583623,0.508171968924,0.518919223001
433,140.19,-0.1049,-0.25,-0.0156,-0.1948,-0.0874,32.6734433447,0.553934102579,0.426996487105,0.595960267132,0.554958520973,0.522543050858
434,140.29,-0.0406,-0.3746,0.087,-0.2263,-0.0419,32.0712628376,0.51338644314,0.397035061424,0.542998158376,0.560987798441,0.527470748004
435,154.08,-0.0171,-0.3129,0.0722,-0.1637,-0.0562,44.3277971481,0.585642032303,0.423472065194,0.537688720358,0.577535548689,0.52700812138
436,138.54,-0.0923,-0.3609,0.0596,-0.2448,-0.0433,34.2240909302,0.544049363569,0.395795641714,0.537039886787,0.57417502558,0.562325626306
437,135.76,-0.094,-0.3154,0.1155,-0.3322,-0.162,34.2073442407,0.51433646575,0.470487874445,0.564075127975,0.549682781248,0.541828386115
438,129.16,-0.1004,-0.2922,0.032,-0.4031,-0.1903,23.9180768458,0.49161757495,0.45100461195,0.595697910018,0.529070307237,0.53000085849
439,134.66,-0.1489,-0.2693,-0.1007,-0.3365,-0.2532,26.3287751329,0.483613264913,0.447334896917,0.612054335823,0.556065418813,0.494831041872
440,137.7,-0.166,-0.264,-0.1022,-0.3317,-0.2855,33.327016068,0.500793370563,0.495854817462,0.637795547178,0.544701854229,0.465216884904
441,137.13,-0.1512,-0.3054,-0.1485,-0.2885,-0.2732,34.1963901604,0.513221745447,0.433406091328,0.615298911099,0.547997034664,0.44258531381
442,146.3,-0.146,-0.3078,-0.147,-0.3489,-0.1777,43.8478049622,0.506847116989,0.470794180083,0.609771268592,0.539931282665,0.473281850487
443,135.1,-0.1572,-0.3792,-0.2317,-0.303,-0.2129,35.3766872389,0.437481611042,0.456641391028,0.63291872306,0.574686871261,0.436711105881
444,135.81,-0.1952,-0.3341,-0.3746,-0.3006,-0.2288,43.3586658005,0.458465876593,0.486312851979,0.580469499629,0.578710324774,0.474692068609
445,135.36,-0.2235,-0.2678,-0.3071,-0.3544,-0.2979,37.4706605226,0.433255986687,0.492366895719,0.593870852964,0.508814936888,0.439582290362
446,134.12,-0.1858,-0.3144,-0.3072,-0.3536,-0.3626,29.932684477,0.440942581296,0.487227503329,0.589739060941,0.558303716627,0.429512793756
447,132.69,-0.254,-0.3518,-0.2538,-0.2578,-0.3346,45.4921300886,0.378666079812,0.48186176441,0.594258832496,0.605969603198,0.448857260162
448,132.88,-0.2843,-0.3488,-0.2183,-0.1856,-0.334,37.7118761135,0.401811535424,0.496534550661,0.612323533763,0.634375787684,0.446389964045
449,135.44,-0.2871,-0.3325,-0.151,-0.1163,-0.3318,44.0638899781,0.377391825561,0.477328765108,0.628475138729,0.620773155025,0.402947589644
450,132.26,-0.3163,-0.3645,-0.1492,-0.1208,-0.2063,33.2766043941,0.33336363029,0.451174855239,0.619970450909,0.637392626252,0.488687333578
451,135.14,-0.3361,-0.283,-0.1798,-0.1433,-0.1399,36.2960108001,0.383342914373,0.497922684761,0.595351963128,0.599983424771,0.489625356778
452,133.68,-0.4075,-0.2078,-0.2118,-0.2107,-0.1728,30.9004465987,0.349906773298,0.508962827719,0.56968830074,0.603077532329,0.472914537734
453,134.36,-0.3444,-0.2682,-0.082,-0.1901,-0.1232,34.2898002327,0.384214315194,0.51475699121,0.637634691653,0.610136861696,0.506179572879
454,122.45,-0.363,-0.2865,-0.0529,-0.2814,-0.0369,23.8836240969,0.340292521223,0.482515025673,0.616453234236,0.530942595767,0.511772791383
455,127.22,-0.3373,-0.2634,0.027,-0.1779,0.0029,27.2901374126,0.400828778907,0.493042026606,0.615973213703,0.512061119399,0.513346461953
456,135.61,-0.2376,-0.2449,-0.0192,-0.0639,0.1025,34.3528441326,0.460825606927,0.481839174414,0.592019729401,0.504271543913,0.542611048542
457,139.56,-0.2124,-0.2189,-0.0414,-0.0682,0.1094,38.8675494468,0.507545308322,0.416163177131,0.569264472807,0.514047429718,0.576450899904
458,139.0,-0.2177,-0.2317,-0.0394,-0.1573,0.0774,36.5671984161,0.496277855641,0.472142044304,0.591421710795,0.508161106343,0.527578657643
459,129.42,-0.3056,-0.1968,-0.1436,-0.232,0.1561,32.47989532,0.458827462125,0.461115777219,0.601089876807,0.49695673856,0.541997961251
460,128.7,-0.351,-0.183,-0.2601,-0.2326,0.182,37.0476719916,0.481986514334,0.461242886124,0.566096272731,0.520881214866,0.549314117787
461,124.24,-0.3884,-0.2184,-0.2748,-0.1954,0.1248,27.6821675452,0.451990530874,0.455283911422,0.579874952037,0.55556353372,0.523063055472
462,127.4,-0.3901,-0.1187,-0.2046,-0.2545,0.2544,29.0327401394,0.445375111563,0.493324751051,0.634415352904,0.507986958494,0.443410238944
463,131.96,-0.2999,-0.1419,-0.1749,-0.2194,0.246,29.8083612431,0.477184440232,0.489944272341,0.651899524467,0.503801190947,0.423992924469
464,136.55,-0.2991,-0.1434,-0.1967,-0.2021,0.2352,29.4958895441,0.501741158368,0.487951268059,0.562142428571,0.51093697263,0.449267136568
465,137.73,-0.2898,-0.1796,-0.1128,-0.208,0.1145,30.7947576707,0.515703364348,0.497955660677,0.564924915365,0.527088227909,0.504250681705
466,133.86,-0.27,-0.2115,-0.1034,-0.2391,0.0972,32.9150482303,0.520490153605,0.505128449011,0.567917634873,0.583669589751,0.548005620409
467,139.04,-0.3221,-0.2305,-0.0579,-0.1508,0.1509,39.098828627,0.528032754666,0.479988281107,0.582732005299,0.588218802828,0.53879698403
468,128.2,-0.3019,-0.2425,-0.0798,-0.2269,0.1252,31.2,0.520045565311,0.444410564681,0.625061564968,0.563415823349,0.548766762842
469,135.08,-0.2641,-0.1588,-0.1185,-0.2396,0.1061,35.778954708,0.535990848802,0.483187913756,0.673917465273,0.50020779682,0.550730233417
470,139.32,-0.1805,-0.153,-0.1286,-0.1492,0.0313,34.7476272571,0.527437911038,0.459108919539,0.627627309795,0.494505166808,0.573523591494
471,149.66,-0.1165,-0.1839,-0.092,-0.1028,0.0787,41.4152677161,0.561737260648,0.478378291732,0.593514953476,0.511798944899,0.587955193871
472,135.18,-0.1831,-0.3053,-0.0585,-0.1457,-0.0383,32.7100535004,0.571014351834,0.50333975603,0.529455144465,0.533779458203,0.56173491079
473,139.58,-0.2383,-0.3858,-0.0197,-0.1309,0.0229,41.9762266051,0.535983311307,0.533665026023,0.538203409502,0.52463338628,0.57712788011
474,125.81,-0.2531,-0.4402,-0.0052,-0.193,0.0846,34.2924758511,0.528393215324,0.488385053006,0.565643845542,0.512561215856,0.547621073371
475,133.05,-0.1986,-0.4672,0.0197,-0.1605,-0.0138,40.9327191865,0.525465545969,0.477531318345,0.572493589484,0.527445494814,0.538889190836
476,136.09,-0.0717,-0.4346,0.0015,-0.2506,-0.0044,34.1086777815,0.554016344524,0.497196983096,0.564346303257,0.537945759348,0.535040783492
477,125.56,-0.1587,-0.4218,0.0378,-0.3026,0.0495,28.4229906942,0.535491652596,0.431977730908,0.583793764955,0.530055883846,0.493541031729
478,123.17,-0.2207,-0.4306,0.1101,-0.3104,0.0447,25.0451811732,0.508987730697,0.394164483433,0.589549819778,0.553667625927,0.545971528562
479,127.77,-0.2489,-0.3911,0.164,-0.3164,-0.0317,28.3932580026,0.544683201503,0.419237152457,0.59870861026,0.538506304513,0.631501472682
480,121.53,-0.2206,-0.3981,0.0905,-0.3577,0.0125,30.5199787025,0.536981973627,0.423855388075,0.606421264469,0.496336287209,0.603584915318
481,117.03,-0.2517,-0.4255,0.0701,-0.411,-0.0628,22.5993163613,0.518241362687,0.470236908377,0.586514270926,0.437269939511,0.626198179493
482,121.17,-0.2109,-0.3672,-0.0274,-0.4477,-0.0174,22.5197935159,0.524189078482,0.493047827295,0.584793331015,0.460655739137,0.617941129882
483,124.31,-0.1378,-0.3582,-0.0472,-0.3673,0.0675,28.9073329797,0.552848225103,0.544096278245,0.535139383712,0.442589776204,0.614541088944
484,129.73,-0.1098,-0.3385,0.0793,-0.3165,0.1562,30.8525055709,0.576792822424,0.539226065765,0.537764362895,0.462414046067,0.591056308654
485,132.35,-0.1247,-0.3923,0.0274,-0.2674,0.1929,46.1587207362,0.562130687652,0.457322326155,0.556067657754,0.47581639316,0.554438986724
486,132.44,-0.171,-0.3346,-0.026,-0.2249,0.106,32.9212150444,0.55147166745,0.495811294748,0.58340894748,0.487636124585,0.562558441409
487,141.12,-0.0462,-0.3577,-0.009,-0.198,0.1409,27.021946636,0.568168601737,0.509226580217,0.560447142914,0.506412875034,0.593462880052
488,138.16,-0.0555,-0.3628,0.0306,-0.2329,0.1645,39.3102327645,0.579156930374,0.521054853158,0.577102798468,0.531018446007,0.586072307826
489,134.41,-0.1502,-0.3367,0.0833,-0.1668,0.0756,33.2587116407,0.533400374953,0.505426661347,0.639298138586,0.554813265883,0.578521079996
490,126.12,-0.2638,-0.2985,0.0989,-0.1134,0.0815,34.0567996148,0.524870993674,0.527041506904,0.645863600151,0.549703956689,0.581429918391
491,129.73,-0.1734,-0.2436,0.0729,-0.193,0.0803,28.0873120821,0.570622852679,0.570660179091,0.682608665342,0.493523049107,0.568463639998
492,134.19,-0.1309,-0.2797,0.0785,-0.1861,0.1074,29.9848945304,0.57227108087,0.565389166858,0.664316754267,0.509909590026,0.54485157612
493,143.07,-0.1171,-0.2543,0.0592,-0.069,0.0715,40.0337994699,0.598590502765,0.557349540235,0.640388444618,0.54239929941,0.54076496743
494,134.27,-0.1423,-0.2957,-0.0167,-0.1992,0.1694,33.2673578753,0.62060431033,0.508276017534,0.607685864571,0.522981223372,0.511018238422
495,134.24,-0.1726,-0.2291,-0.1803,-0.2531,0.1862,36.8882420291,0.612654258126,0.555917430919,0.61262297541,0.524807955351,0.478898277299
496,133.17,-0.2623,-0.1803,-0.0889,-0.2695,0.1664,34.258445674,0.589217879905,0.570633779231,0.663193629342,0.529245453452,0.43539756545
497,133.65,-0.3029,-0.1634,-0.1874,-0.1477,0.1255,37.6991710784,0.547224442071,0.578740390849,0.606607978846,0.570220755497,0.468931498196
498,128.58,-0.2676,-0.1737,-0.1942,-0.2207,0.1904,28.843432528,0.578033078638,0.568001153168,0.577491437166,0.554222437294,0.478744023461
499,130.8,-0.226,-0.1961,-0.2161,-0.2623,0.1571,30.9328304557,0.598407887649,0.553139937086,0.577494406899,0.542814618447,0.499107793968
